{
  "name": "Metal21.001",
  "category": "metals",
  "properties": {
    "base_color": [
      0.08825666457414627,
      0.11012416332960129,
      0.12682950496673584,
      1.0
    ],
    "metallic": 1.0,
    "roughness": 0.6000000238418579,
    "subsurface_weight": 0.0,
    "coat_weight": 0.0,
    "normal_strength": 1.0
  },
  "embedded_textures": [],
  "principled_bsdf": true
}