{
  "name": "WindowGroundlevel1_u2WBuild1_1",
  "category": "paint",
  "properties": {
    "base_color": [
      0.9490200281143188,
      0.9568629860877991,
      0.9568629860877991,
      1.0
    ],
    "metallic": 0.0,
    "roughness": 0.9776393175125122,
    "subsurface_weight": 0.0,
    "coat_weight": 0.0,
    "normal_strength": 1.0
  },
  "embedded_textures": [],
  "principled_bsdf": true
}