{
  "name": "front_completepg1_20",
  "category": "paint",
  "properties": {
    "base_color": [
      0.800000011920929,
      0.800000011920929,
      0.800000011920929,
      1.0
    ],
    "metallic": 0.0,
    "roughness": 0.6000000238418579,
    "subsurface_weight": 0.0,
    "coat_weight": 0.0,
    "normal_strength": 1.0
  },
  "embedded_textures": [
    "Image_35.003",
    "Image_16.003"
  ],
  "principled_bsdf": true
}