{
  "name": "Material.025",
  "category": "paint",
  "properties": {
    "base_color": [
      0.800000011920929,
      0.800000011920929,
      0.800000011920929,
      1.0
    ],
    "metallic": 0.0,
    "roughness": 0.5,
    "subsurface_weight": 0.0,
    "coat_weight": 0.0,
    "normal_strength": 1.0
  },
  "embedded_textures": [
    "socialsight-ai-164346e0-89f1-4a86-9729-7e21243dda33.001",
    "Untitled.028",
    "Untitled.029"
  ],
  "principled_bsdf": true
}