{
  "name": "U2Car1Window",
  "category": "paint",
  "properties": {
    "base_color": [
      0.800000011920929,
      0.800000011920929,
      0.800000011920929,
      1.0
    ],
    "metallic": 0.0,
    "roughness": 0.9776393175125122,
    "subsurface_weight": 0.0,
    "coat_weight": 0.0,
    "normal_strength": 1.0
  },
  "embedded_textures": [
    "u2carblue"
  ],
  "principled_bsdf": true
}