{
  "name": "RoadTile_u2WBuild3_1",
  "category": "paint",
  "properties": {
    "base_color": [
      0.800000011920929,
      0.800000011920929,
      0.800000011920929,
      1.0
    ],
    "metallic": 0.0,
    "roughness": 0.9687750339508057,
    "subsurface_weight": 0.0,
    "coat_weight": 0.0,
    "normal_strength": 1.0
  },
  "embedded_textures": [
    "u2road1"
  ],
  "principled_bsdf": true
}