{
  "name": "LEDRed.001",
  "category": "paint",
  "properties": {
    "base_color": [
      0.2666670083999634,
      0.2666670083999634,
      0.2666670083999634,
      1.0
    ],
    "metallic": 0.0,
    "roughness": 0.9691779017448425,
    "subsurface_weight": 0.0,
    "coat_weight": 0.0,
    "normal_strength": 1.0
  },
  "embedded_textures": [],
  "principled_bsdf": true
}