{
  "name": "LEDred_u2SWBuild2_1.001",
  "category": "paint",
  "properties": {
    "base_color": [
      0.003921569790691137,
      0.003921569790691137,
      0.003921569790691137,
      1.0
    ],
    "metallic": 0.0,
    "roughness": 0.9691779017448425,
    "subsurface_weight": 0.0,
    "coat_weight": 0.0,
    "normal_strength": 1.0
  },
  "embedded_textures": [],
  "principled_bsdf": true
}