{
  "name": "Concrete02_0_2.001",
  "category": "concrete",
  "properties": {
    "base_color": [
      0.800000011920929,
      0.800000011920929,
      0.800000011920929,
      1.0
    ],
    "metallic": 0.0,
    "roughness": 0.5709091424942017,
    "subsurface_weight": 0.0,
    "coat_weight": 0.0,
    "normal_strength": 1.0
  },
  "embedded_textures": [
    "Image_1.006",
    "Untitled.017"
  ],
  "principled_bsdf": true
}