{
  "name": "Downtown_Concrete_FLR_1",
  "category": "concrete",
  "properties": {
    "base_color": [
      0.800000011920929,
      0.800000011920929,
      0.800000011920929,
      1.0
    ],
    "metallic": 0.0,
    "roughness": 0.8681367039680481,
    "subsurface_weight": 0.0,
    "coat_weight": 0.0,
    "normal_strength": 1.0
  },
  "embedded_textures": [
    "Image_21.002",
    "Image_22.002"
  ],
  "principled_bsdf": true
}