{
  "name": "Material.023",
  "category": "paint",
  "properties": {
    "base_color": [
      0.0014630649238824844,
      0.0014630649238824844,
      0.0014630649238824844,
      1.0
    ],
    "metallic": 0.0,
    "roughness": 0.6272727251052856,
    "subsurface_weight": 0.0,
    "coat_weight": 0.0,
    "normal_strength": 1.0
  },
  "embedded_textures": [],
  "principled_bsdf": true
}