{
  "name": "material",
  "category": "paint",
  "properties": {
    "base_color": [
      0.5019609928131104,
      0.5019609928131104,
      0.784313976764679,
      1.0
    ],
    "metallic": 0.0,
    "roughness": 0.6000000238418579,
    "subsurface_weight": 0.0,
    "coat_weight": 0.0,
    "normal_strength": 1.0
  },
  "embedded_textures": [],
  "principled_bsdf": true
}